{"cameraMode":{"drawMode":0,"name":"Shaded","section":"Shading Mode"},"sceneLighting":false,"audioPlay":false,"sceneViewState":{"m_AlwaysRefresh":false,"showFog":false,"showSkybox":false,"showFlares":false,"showImageEffects":false,"showParticleSystems":false,"showVisualEffectGraphs":true,"m_FxEnabled":true},"in2DMode":false,"pivot":{"x":-3.5999999046325685,"y":0.6700000762939453,"z":17.920000076293947},"rotation":{"x":0.5838853120803833,"y":-0.24766775965690614,"z":0.19316942989826203,"w":0.7486147880554199},"size":0.8660253882408142,"orthographic":true}