{"cameraMode":{"drawMode":0,"name":"Shaded","section":"Shading Mode"},"sceneLighting":true,"audioPlay":false,"sceneViewState":{"showFog":false,"showMaterialUpdate":false,"showSkybox":false,"showFlares":false,"showImageEffects":false,"showParticleSystems":false},"in2DMode":false,"pivot":{"x":5.130000114440918,"y":1.6542983055114747,"z":-6.28000020980835},"rotation":{"x":0.4903870224952698,"y":0.5092589259147644,"z":-0.5133349895477295,"w":0.4866541624069214},"size":7.973200798034668,"orthographic":true}