{"cameraMode":{"drawMode":0,"name":"Shaded","section":"Shading Mode"},"sceneLighting":false,"audioPlay":false,"sceneViewState":{"showFog":true,"showMaterialUpdate":false,"showSkybox":false,"showFlares":true,"showImageEffects":true,"showParticleSystems":true},"in2DMode":false,"pivot":{"x":-60.29999923706055,"y":8.039999961853028,"z":14.300000190734864},"rotation":{"x":-0.4989108443260193,"y":0.5010221004486084,"z":-0.49299493432044985,"w":-0.5070645213127136},"size":2.8578836917877199,"orthographic":true}