{"cameraMode":{"drawMode":0,"name":"Shaded","section":"Shading Mode"},"sceneLighting":true,"audioPlay":false,"sceneViewState":{"m_AlwaysRefresh":false,"showFog":false,"showSkybox":false,"showFlares":false,"showImageEffects":false,"showParticleSystems":false,"showVisualEffectGraphs":true,"m_FxEnabled":true},"in2DMode":false,"pivot":{"x":3.9473624229431154,"y":1.469849944114685,"z":2.6444506645202638},"rotation":{"x":0.7017344236373901,"y":-0.008547794073820115,"z":0.008421081118285656,"w":0.7123398780822754},"size":6.597454071044922,"orthographic":true}